[
{"text": "قال رسول الله صلى الله عليه وسلم:(إِذَا مَاتَ الإنْسَانُ انْقَطَعَ عنْه عَمَلُهُ إِلَّا مِن ثَلَاثَةٍ: إِلَّا مِن صَدَقَةٍ جَارِيَةٍ، أَوْ عِلْمٍ يُنْتَفَعُ بِهِ، أَوْ وَلَدٍ صَالِحٍ يَدْعُو له)"},
{"text": "عن(سلُوا اللهَ علمًا نافعًا، وتَعَوَّذُوا باللهِ منْ علمٍ لا ينفعُ)"},
{"text": "قال صلّى الله عليه وسلّم:(سيأتيكُم أقوامٌ يطلبونَ العِلمَ، فإذا رأيتُموهم؛ فقولوا لَهُم مَرحبًا مَرحبًا بوصيَّةِ رسولِ اللَّهِ صلَّى اللَّهُ عليهِ وسلَّمَ، واقْنوهُم)"},
{"text": "قال رسول الله صلى الله عليه وسلم:(مَن جاءَ مَسجِدي هذا لم يَأتِهِ إلَّا لِخيرٍ يتعلَّمُهُ أو يعلِّمُهُ، فَهوَ بمنزلةِ المجاهِدِ في سبيلِ اللَّهِ، ومن جاءَ لغيرِ ذلِكَ فَهوَ بمنزلةِ الرَّجُلِ ينظرُ إلى متاعِ غيرِهِ)"},
{"text": "قال رسول الله صلى الله عليه وسلم:(نضَّرَ اللَّهُ امرأً سمِعَ منَّا حديثًا فحفِظَهُ حتَّى يبلِّغَهُ غيرَهُ، فرُبَّ حاملِ فقهٍ ليسَ بفَقيهٍ، ورُبَّ حاملِ فقهٍ إلى من هوَ أفقَهُ منهُ)"},
{"text": "قال رسول الله صلّى الله عليه وسلّم:(طلبُ العلمِ فريضةٌ على كلِّ مسلمٍ)"},
{"text": "قال رسول الله صلى الله عليه وسلم:(فضلُ العلْمِ أحبُّ إِلَيَّ مِنْ فضلِ العبادَةِ، وخيرُ دينِكُمُ الورَعُ)"},
{"text": "قال رسول الله صلّى الله عليه وسلّم:(اللهمَ باركْ لأمتي في بكورِها، قال: وكان إذا بعث سريةً أو جيشًا، بعثهم أولَ النهارِ، وكان صخرُ رجلًا تاجرًا، وكان إذا بعث تجارةً بعثهم أولَ النهارِ، فأثرى وكثر مالُه)"},
{"text": "عن عبادة بن الصامت رَضِي اللَّه عَنْه قَالَ:(بايَعْنا رَسولَ اللَّهِ صَلَّى اللهُ عليه وسلَّمَ علَى السَّمْعِ والطَّاعَةِ في المَنْشَطِ والمَكْرَهِ، وأَنْ لا نُنازِعَ الأمْرَ أهْلَهُ، وأَنْ نَقُومَ أوْ نَقُولَ بالحَقِّ حَيْثُما كُنَّا، لا نَخافُ في اللَّهِ لَوْمَةَ لائِمٍ.)"},
{"text": "مر على النبيّ صلّى الله عليه وسلّم رجل، فرأى(إنْ كان خرجَ يَسعَى على ولَدِهِ صِغارًا فهوَ في سبيلِ اللهِ، وإنْ كان خرجَ يَسعَى على أبويْنِ شيْخيْنِ كبيريْنِ، فهوَ في سبيلِ اللهِ، وإنْ كان خرجَ يَسعَى على نفسِهِ يَعِفُّها فهوَ في سبيلِ اللهِ، وإنْ كان خرجَ يسعَى رِياءً ومُفاخَرةً فهوَ في سبيلِ الشيْطانِ)"},
{"text": "قال رسول الله صلى الله عليه وسلم:(إنَّ اللهَ تعالى يحبُّ إذا عملَ أحدُكمْ عملًا أنْ يتقنَهُ)"},
{"text": "قال رسول الله صلى الله عليه وسلم:(إنْ قامَتِ الساعةُ وفي يدِ أحدِكمْ فَسِيلةٌ، فإنِ استطاعَ أنْ لا تقومَ حتى يَغرِسَها فلْيغرِسْهَا)"},
{"text": "قال صلّى الله عليه وسلّم:(لَأَنْ يَحْتَطِبَ أَحَدُكُمْ حُزْمَةً علَى ظَهْرِهِ، خَيْرٌ له مِن أَنْ يَسْأَلَ أَحَدًا فيُعْطِيَهُ أَوْ يَمْنَعَهُ)"},
{"text": "عن النعمان بن بشير رَضِي اللَّه عَنْه قَالَ:(أَعْطَانِي أبِي عَطِيَّةً، فَقالَتْ عَمْرَةُ بنْتُ رَوَاحَةَ: لا أرْضَى حتَّى تُشْهِدَ رَسولَ اللَّهِ صَلَّى اللهُ عليه وسلَّمَ، فأتَى رَسولَ اللَّهِ صَلَّى اللهُ عليه وسلَّمَ، فَقالَ: إنِّي أعْطَيْتُ ابْنِي مِن عَمْرَةَ بنْتِ رَوَاحَةَ عَطِيَّةً، فأمَرَتْنِي أنْ أُشْهِدَكَ يا رَسولَ اللَّهِ، قالَ: أعْطَيْتَ سَائِرَ ولَدِكَ مِثْلَ هذا؟، قالَ: لَا، قالَ: فَاتَّقُوا اللَّهَ واعْدِلُوا بيْنَ أوْلَادِكُمْ، قالَ: فَرَجَعَ فَرَدَّ عَطِيَّتَهُ)"},
{"text": "قال رَسولَ اللَّهِ صَلَّى اللهُ عليه وسلَّمَ:(ثلاثةٌ لا تردُّ دعوتُهُم الصَّائمُ حتَّى يُفْطِرَ والإمامُ العادلُ والمظلومُ)"},
{"text": "قال رَسولَ اللَّهِ صَلَّى اللهُ عليه وسلَّمَ:(القضاةُ ثلاثةٌ : واحدٌ في الجنةِ ، واثنان في النارِ ، فأما الذي في الجنةِ فرجلٌ عرَفَ الحقَّ فقضى به ، واللذان في النارِ رجلٌ عرفَ الحقَّ فجارَ في الحُكمِ ، ورجلٌ قضى في الناسِ على جهلٍ)"},
{"text": "قال رَسولَ اللَّهِ صَلَّى اللهُ عليه وسلَّمَ:(أفضَلُ الجِهادِ كلمةُ عَدلٍ عندَ سُلطانٍ جائرٍ. أو أميرٍ جائرٍ)"},
{"text": "قَالَ رَسُولُ اللَّهِ صَلَّى اللَّه عَلَيْهِ وَسَلَّمَ :(إنَّما أهْلَكَ الَّذِينَ قَبْلَكُمْ، أنَّهُمْ كَانُوا إذَا سَرَقَ فِيهِمُ الشَّرِيفُ تَرَكُوهُ، وإذَا سَرَقَ فِيهِمُ الضَّعِيفُ أقَامُوا عليه الحَدَّ، وايْمُ اللَّهِ لو أنَّ فَاطِمَةَ بنْتَ مُحَمَّدٍ سَرَقَتْ لَقَطَعْتُ يَدَهَا)"},
{"text": "سأل عبد الله بن مسعود -رضي الله عنه- رسول الله صلى الله عليه وسلم فقال:(أيُّ الأعمالِ أحَبُّ إلى اللهِ تعالى؟ قال: الصَّلاةُ لِوَقتِها، فقُلتُ: ثم أيُّ؟ قال: ثم بِرُّ الوالدينِ، ثم قُلتُ: ثم أيُّ؟ قال: الجِهادُ في سَبيلِ اللهِ عزَّ وجلَّ)"},
{"text": "قال رسول الله صلى الله عليه وسلم:(جَاءَ رَجُلٌ إلى رَسولِ اللَّهِ صَلَّى اللهُ عليه وسلَّمَ فَقالَ: يا رَسولَ اللَّهِ، مَن أحَقُّ النَّاسِ بحُسْنِ صَحَابَتِي؟ قالَ: أُمُّكَ قالَ: ثُمَّ مَنْ؟ قالَ: ثُمَّ أُمُّكَ قالَ: ثُمَّ مَنْ؟ قالَ: ثُمَّ أُمُّكَ قالَ: ثُمَّ مَنْ؟ قالَ: ثُمَّ أبُوكَ)"},
{"text": "سأل بعض الصحابة -رضي الله عنهم- رسول الله صلى الله عليه وسلم، فقالوا:(يا رسولَ اللَّهِ، حدِّثنا عنِ الجنَّةِ، ما بناؤُها قالَ: لَبنةُ ذَهَبٍ ولَبنةُ فضَّةٍ، ومِلاطُها المِسكُ الأذفرُ، وحصباؤُها اللُّؤلؤُ والياقوتُ، وترابُها الزَّعفرانُ، مَن يدخلُها ينعمُ ولا يبأسُ، ويخلدُ ولا يموتُ، لا تبلَى ثيابُهُ ولا يفنَى شبابُهُ)"},
{"text": "قال رسول الله صلى الله عليه وسلم:(كَلِمَتانِ خَفِيفَتانِ علَى اللِّسانِ، ثَقِيلَتانِ في المِيزانِ، حَبِيبَتانِ إلى الرَّحْمَنِ، سُبْحانَ اللَّهِ وبِحَمْدِهِ، سُبْحانَ اللَّهِ العَظِيمِ)"},
{"text": "قال رسول الله صلى الله عليه وسلم:(إنَّ في الجَنَّةِ لَسُوقًا، يَأْتُونَها كُلَّ جُمُعَةٍ، فَتَهُبُّ رِيحُ الشَّمالِ فَتَحْثُو في وُجُوهِهِمْ وثِيابِهِمْ، فَيَزْدادُونَ حُسْنًا وجَمالًا، فَيَرْجِعُونَ إلى أهْلِيهِمْ وقَدِ ازْدادُوا حُسْنًا وجَمالًا، فيَقولُ لهمْ أهْلُوهُمْ: واللَّهِ لَقَدِ ازْدَدْتُمْ بَعْدَنا حُسْنًا وجَمالًا، فيَقولونَ: وأَنْتُمْ، واللَّهِ لَقَدِ ازْدَدْتُمْ بَعْدَنا حُسْنًا وجَمالًا)"},
{"text": "قال رسول الله صلّى الله عليه وسلّم:(إنَّ في الجَنَّةِ مِئَةَ دَرَجَةٍ، أعَدَّها اللَّهُ لِلْمُجاهِدِينَ في سَبيلِ اللَّهِ، ما بيْنَ الدَّرَجَتَيْنِ كما بيْنَ السَّماءِ والأرْضِ، فإذا سَأَلْتُمُ اللَّهَ، فاسْأَلُوهُ الفِرْدَوْسَ، فإنَّه أوْسَطُ الجَنَّةِ وأَعْلَى الجَنَّةِ -أُراهُ- فَوْقَهُ عَرْشُ الرَّحْمَنِ، ومِنْهُ تَفَجَّرُ أنْهارُ الجَنَّةِ)"},
{"text": "سأل بعض الصحابة -رضي الله عنهم- رسول الله صلى الله عليه وسلم، فقالوا:(يا رسولَ اللَّهِ، حدِّثنا عنِ الجنَّةِ، ما بناؤُها قالَ: لَبنةُ ذَهَبٍ ولَبنةُ فضَّةٍ، ومِلاطُها المِسكُ الأذفرُ، وحصباؤُها اللُّؤلؤُ والياقوتُ، وترابُها الزَّعفرانُ، مَن يدخلُها ينعمُ ولا يبأسُ، ويخلدُ ولا يموتُ، لا تبلَى ثيابُهُ ولا يفنَى شبابُهُ)"},
{"text": "قال رسول الله صلى الله عليه وسلم:(إنَّ أهْلَ الجَنَّةِ يَتَرَاءَوْنَ أهْلَ الغُرَفِ مِن فَوْقِهِمْ، كما يَتَرَاءَوْنَ الكَوْكَبَ الدُّرِّيَّ الغَابِرَ في الأُفُقِ، مِنَ المَشْرِقِ أوِ المَغْرِبِ، لِتَفَاضُلِ ما بيْنَهُمْ قالوا يا رَسولَ اللَّهِ تِلكَ مَنَازِلُ الأنْبِيَاءِ لا يَبْلُغُهَا غَيْرُهُمْ، قالَ: بَلَى والذي نَفْسِي بيَدِهِ، رِجَالٌ آمَنُوا باللَّهِ وصَدَّقُوا المُرْسَلِينَ)"},
{"text": "قال رسول الله صلى الله عليه وسلم:(إنَّ أَوَّلَ زُمْرَةٍ تَدْخُلُ الجَنَّةَ علَى صُورَةِ القَمَرِ لَيْلَةَ البَدْرِ، وَالَّتي تَلِيهَا علَى أَضْوَإِ كَوْكَبٍ دُرِّيٍّ في السَّمَاءِ، لِكُلِّ امْرِئٍ منهمْ زَوْجَتَانِ اثْنَتَانِ، يُرَى مُخُّ سُوقِهِما مِن وَرَاءِ اللَّحْمِ، وَما في الجَنَّةِ أَعْزَبُ)"},
{"text": "قَالَ رَسُولُ اللَّهِ صَلَّى اللَّه عَلَيْهِ وَسَلَّمَ :(كُلُّ سُلامَى مِنَ النَّاسِ عليه صَدَقَةٌ، كُلَّ يَومٍ تَطْلُعُ فيه الشَّمْسُ، يَعْدِلُ بيْنَ الِاثْنَيْنِ صَدَقَةٌ)"},
{"text": "قَالَ رَسُولُ اللَّهِ صَلَّى اللَّه عَلَيْهِ وَسَلَّمَ:(سَبْعَةٌ يُظِلُّهُمُ اللَّهُ تَعَالَى في ظِلِّهِ يَومَ لا ظِلَّ إلَّا ظِلُّهُ: إمَامٌ عَدْلٌ)"},
{"text": "قَالَ رَسُولُ اللَّهِ صَلَّى اللَّه عَلَيْهِ وَسَلَّمَ:(إنَّ المُقْسِطِينَ عِنْدَ اللهِ علَى مَنابِرَ مِن نُورٍ، عن يَمِينِ الرَّحْمَنِ عزَّ وجلَّ، وكِلْتا يَدَيْهِ يَمِينٌ، الَّذِينَ يَعْدِلُونَ في حُكْمِهِمْ وأَهْلِيهِمْ وما ولوا)"},
{"text": "رُوي عن عبد الله بن عمر -رضي الله عنه- أنه قال:(جاء رَجُلٌ إلى رسولِ اللهِ صلَّى اللهُ عليه وسلَّمَ، فاستأذَنَه في الجهادِ، فقال: أحَيٌّ والداكَ؟ قال: نعمْ، قال: ففيهما فجاهِدْ)"},
{"text": "قال(رَغِمَ أنْفُهُ، ثُمَّ رَغِمَ أنْفُهُ، ثُمَّ رَغِمَ أنْفُهُ قيلَ: مَنْ؟ يا رَسولَ اللهِ، قالَ: مَن أدْرَكَ والِدَيْهِ عِنْدَ الكِبَرِ، أحَدَهُما، أوْ كِلَيْهِما، ثُمَّ لَمْ يَدْخُلِ الجَنَّةَ)"},
{"text": "جاء رجل اسمه جاهمة، فسأل رسول الله صلى الله عليه وسلم، فقال:(يا رسولَ اللَّهِ إنِّي كنتُ أردتُ الجِهادَ معَكَ أبتغي بذلِكَ وجْهَ اللَّهِ والدَّارَ الآخرةَ، قالَ: ويحَكَ أحيَّةٌ أمُّكَ؟ قُلتُ: نعَم، قالَ: ارجَع فبِرَّها، ثمَّ أتيتُهُ منَ الجانبِ الآخَرِ، فقلتُ: يا رسولَ اللَّهِ إنِّي كنتُ أردتُ الجِهادَ معَكَ أبتغي بذلِكَ وجهَ اللَّهِ والدَّارَ الآخرَةَ، قالَ: وَيحَكَ أحيَّةٌ أمُّكَ؟ قلتُ: نعَم يا رسولَ اللَّهِ، قالَ: فارجِع إليْها فبِرَّها، ثمَّ أتيتُهُ من أمامِهِ، فقُلتُ: يا رسولَ اللَّهِ، إنِّي كنتُ أردتُ الجِهادَ معَكَ أبتغي بذلِكَ وجْهَ اللَّهِ والدَّارَ الآخرةَ، قالَ: ويحَكَ أحيَّةٌ أمُّكَ؟ قُلتُ: نعَم يا رَسولَ اللَّهِ، قالَ: ويحَكَ الزَم رِجلَها فثمَّ الجنَّةُ)"},
{"text": "قال تعالى:(وَإِذْ أَخَذْنَا مِيثَاقَ بَنِي إِسْرَائِيلَ لَا تَعْبُدُونَ إِلَّا اللَّهَ وَبِالْوَالِدَيْنِ إِحْسَانًا)"},
{"text": "قال رسول الله صلّى الله عليه وسلّم:(إنَّ في الجَنَّةِ مِئَةَ دَرَجَةٍ، أعَدَّها اللَّهُ لِلْمُجاهِدِينَ في سَبيلِ اللَّهِ، ما بيْنَ الدَّرَجَتَيْنِ كما بيْنَ السَّماءِ والأرْضِ، فإذا سَأَلْتُمُ اللَّهَ، فاسْأَلُوهُ الفِرْدَوْسَ، فإنَّه أوْسَطُ الجَنَّةِ وأَعْلَى الجَنَّةِ -أُراهُ- فَوْقَهُ عَرْشُ الرَّحْمَنِ، ومِنْهُ تَفَجَّرُ أنْهارُ الجَنَّةِ)"},
{"text": "قال رسول الله صلى الله عليه وسلم:(إنَّ أهْلَ الجَنَّةِ يَتَرَاءَوْنَ أهْلَ الغُرَفِ مِن فَوْقِهِمْ، كما يَتَرَاءَوْنَ الكَوْكَبَ الدُّرِّيَّ الغَابِرَ في الأُفُقِ، مِنَ المَشْرِقِ أوِ المَغْرِبِ، لِتَفَاضُلِ ما بيْنَهُمْ قالوا يا رَسولَ اللَّهِ تِلكَ مَنَازِلُ الأنْبِيَاءِ لا يَبْلُغُهَا غَيْرُهُمْ، قالَ: بَلَى والذي نَفْسِي بيَدِهِ، رِجَالٌ آمَنُوا باللَّهِ وصَدَّقُوا المُرْسَلِينَ)"},
{"text": "قال رسول الله صلى الله عليه وسلم:(إنَّ أَوَّلَ زُمْرَةٍ تَدْخُلُ الجَنَّةَ علَى صُورَةِ القَمَرِ لَيْلَةَ البَدْرِ، وَالَّتي تَلِيهَا علَى أَضْوَإِ كَوْكَبٍ دُرِّيٍّ في السَّمَاءِ، لِكُلِّ امْرِئٍ منهمْ زَوْجَتَانِ اثْنَتَانِ، يُرَى مُخُّ سُوقِهِما مِن وَرَاءِ اللَّحْمِ، وَما في الجَنَّةِ أَعْزَبُ)"},
{"text": "قال(لَقَابُ قَوْسِ أحَدِكُمْ، أوْ مَوْضِعُ قَدَمٍ مِنَ الجَنَّةِ، خَيْرٌ مِنَ الدُّنْيَا وما فِيهَا، ولو أنَّ امْرَأَةً مِن نِسَاءِ أهْلِ الجَنَّةِ اطَّلَعَتْ إلى الأرْضِ لَأَضَاءَتْ ما بيْنَهُمَا، ولَمَلَأَتْ ما بيْنَهُما رِيحًا، ولَنَصِيفُهَا - يَعْنِي الخِمَارَ - خَيْرٌ مِنَ الدُّنْيَا وما فِيهَا)"},
{"text": "قال رسول الله صلى الله عليه وسلم:(أَلَا أُخْبِرُكَ بأَحَبِّ الكَلَامِ إلى اللهِ؟ قُلتُ: يا رَسُولَ اللهِ، أَخْبِرْنِي بأَحَبِّ الكَلَامِ إلى اللهِ، فَقالَ: إنَّ أَحَبَّ الكَلَامِ إلى اللهِ: سُبْحَانَ اللهِ وَبِحَمْدِهِ)"},
{"text": "قال رسول الله صلى الله عليه وسلم:(لأَنْ أَقُولَ سُبْحَانَ اللهِ، وَالْحَمْدُ لِلَّهِ، وَلَا إِلَهَ إِلَّا اللَّهُ، وَاللَّهُ أَكْبَرُ، أَحَبُّ إِلَيَّ ممَّا طَلَعَتْ عليه الشَّمْسُ)"},
{"text": "قال رسول الله صلى الله عليه وسلم:(مَن سَبَّحَ اللَّهَ في دُبُرِ كُلِّ صَلاةٍ ثَلاثًا وثَلاثِينَ، وحَمِدَ اللَّهَ ثَلاثًا وثَلاثِينَ، وكَبَّرَ اللَّهَ ثَلاثًا وثَلاثِينَ، فَتْلِكَ تِسْعَةٌ وتِسْعُونَ، وقالَ: تَمامَ المِئَةِ: لا إلَهَ إلَّا اللَّهُ وحْدَهُ لا شَرِيكَ له، له المُلْكُ وله الحَمْدُ وهو علَى كُلِّ شيءٍ قَدِيرٌ غُفِرَتْ خَطاياهُ وإنْ كانَتْ مِثْلَ زَبَدِ البَحْرِ)"},
{"text": "قال رسول الله صلى الله عليه وسلم:(بادِرُوا بالأعْمالِ سِتًّا: طُلُوعَ الشَّمْسِ مِن مَغْرِبِها، أوِ الدُّخانَ، أوِ الدَّجَّالَ، أوِ الدَّابَّةَ، أوْ خاصَّةَ أحَدِكُمْ، أوْ أمْرَ العامَّةِ)"},
{"text": "(أَطْعِمُوا الجائِعَ، وعُودُوا المَرِيضَ، وفُكُّوا العانِيَ)"},
{"text": "سأل رجل رسول الله -صلى الله عليه وسلم- فقال:(يا رَسولَ اللَّهِ، مَن أحَقُّ النَّاسِ بحُسْنِ صَحَابَتِي؟ قالَ: أُمُّكَ قالَ: ثُمَّ مَنْ؟ قالَ: ثُمَّ أُمُّكَ قالَ: ثُمَّ مَنْ؟ قالَ: ثُمَّ أُمُّكَ قالَ: ثُمَّ مَنْ؟ قالَ: ثُمَّ أبُوكَ)"},
{"text": "قال رسول الله صلى الله عليه وسلم:(إذا دخل أهلُ الجنةِ الجنةَ، وأهلُ النارِ النارَ، نادى منادٍ: يا أهلَ الجنةِ إنَّ لكم عندَ اللهِ موعدًا يُريدُ أنْ يُنْجِزُكُموه، فيقولونَ: وما هو؟ ألمْ يُثَقِّلِ اللهُ موازينَنا، ويُبَيِّضْ وجوهَنا، ويُدخلْنا الجنةَ، ويُنجِّنا من النارِ؟ فيُكشفُ الحجابُ، فينظرونَ إليه فواللهِ ما أعطاهم اللهُ شيئًا أحبَّ إليهم من النظرِ إليه ولا أقرَّ لأعينِهم)"},
{"text": "قال(لَقَابُ قَوْسِ أحَدِكُمْ، أوْ مَوْضِعُ قَدَمٍ مِنَ الجَنَّةِ، خَيْرٌ مِنَ الدُّنْيَا وما فِيهَا، ولو أنَّ امْرَأَةً مِن نِسَاءِ أهْلِ الجَنَّةِ اطَّلَعَتْ إلى الأرْضِ لَأَضَاءَتْ ما بيْنَهُمَا، ولَمَلَأَتْ ما بيْنَهُما رِيحًا، ولَنَصِيفُهَا - يَعْنِي الخِمَارَ - خَيْرٌ مِنَ الدُّنْيَا وما فِيهَا)"},
{"text": "قال رسول الله صلّى الله عليه وسلّم:(فِي الجَنَّةِ ثَمَانِيَةُ أبْوَابٍ، فِيهَا بَابٌ يُسَمَّى الرَّيَّانَ، لا يَدْخُلُهُ إلَّا الصَّائِمُونَ)"},
{"text": "قال(مَن نَفَّسَ عن مُؤْمِنٍ كُرْبَةً مِن كُرَبِ الدُّنْيَا، نَفَّسَ اللَّهُ عنْه كُرْبَةً مِن كُرَبِ يَومِ القِيَامَةِ، وَمَن يَسَّرَ علَى مُعْسِرٍ، يَسَّرَ اللَّهُ عليه في الدُّنْيَا وَالآخِرَةِ، وَمَن سَتَرَ مُسْلِمًا، سَتَرَهُ اللَّهُ في الدُّنْيَا وَالآخِرَةِ، وَاللَّهُ في عَوْنِ العَبْدِ ما كانَ العَبْدُ في عَوْنِ أَخِيهِ، وَمَن سَلَكَ طَرِيقًا يَلْتَمِسُ فيه عِلْمًا، سَهَّلَ اللَّهُ له به طَرِيقًا إلى الجَنَّةِ، وَما اجْتَمع قَوْمٌ في بَيْتٍ مِن بُيُوتِ اللهِ، يَتْلُونَ كِتَابَ اللهِ، وَيَتَدَارَسُونَهُ بيْنَهُمْ، إِلَّا نَزَلَتْ عليهمِ السَّكِينَةُ، وَغَشِيَتْهُمُ الرَّحْمَةُ وَحَفَّتْهُمُ المَلَائِكَةُ، وَذَكَرَهُمُ اللَّهُ فِيمَن عِنْدَهُ، وَمَن بَطَّأَ به عَمَلُهُ، لَمْ يُسْرِعْ به نَسَبُهُ. غيرَ أنَّ حَدِيثَ أَبِي أُسَامَةَ ليسَ فيه ذِكْرُ التَّيْسِيرِ علَى المُعْسِرِ)"},
{"text": "قَالَ رَسُولُ اللَّهِ صَلَّى اللَّه عَلَيْهِ وَسَلَّمَ:(إنَّما الإمامُ جُنَّةٌ، يُقاتَلُ مِن ورائِهِ، ويُتَّقَى به، فإنْ أمَرَ بتَقْوَى اللهِ عزَّ وجلَّ وعَدَلَ، كانَ له بذلكَ أجْرٌ، وإنْ يَأْمُرْ بغَيْرِهِ كانَ عليه منه)"},
{"text": "قَالَ رَسُولُ اللَّهِ صَلَّى اللَّه عَلَيْهِ وَسَلَّمَ:(أهلُ الجنَّةِ ثلاثةٌ : ذو سلطانٍ مُقسِطٌ موفَّقٌ ورجُلٌ رحيمٌ رقيقُ القلبِ بكلِّ ذي قُربى ومُسلِمٍ ورجُلٌ فقيرٌ عفيفٌ مُتصدِّقٌ)"},
{"text": "قَالَ رَسُولُ اللَّهِ صَلَّى اللَّه عَلَيْهِ وَسَلَّمَ:(من طلب قضاءَ المسلمين حتى ينالَه ثم غَلبَ عدلُه جَوْرَه، فله الجنَّة، ومن غلبَ جورُه عدْلَه فله النار)"},
{"text": "قَالَ رَسُولُ اللَّهِ صَلَّى اللَّه عَلَيْهِ وَسَلَّمَ:(مَن كانَت لَهُ امرأتانِ فمالَ إلى إحداهما جاءَ يومَ القيامةِ وشقُّهُ مائِلٌ)"},
{"text": "قال تعالى:(وَقَضَىٰ رَبُّكَ أَلَّا تَعْبُدُوا إِلَّا إِيَّاهُ وَبِالْوَالِدَيْنِ إِحْسَانًا ۚ إِمَّا يَبْلُغَنَّ عِندَكَ الْكِبَرَ أَحَدُهُمَا أَوْ كِلَاهُمَا فَلَا تَقُل لَّهُمَا أُفٍّ وَلَا تَنْهَرْهُمَا وَقُل لَّهُمَا قَوْلًا كَرِيمًا* وَاخْفِضْ لَهُمَا جَنَاحَ الذُّلِّ مِنَ الرَّحْمَةِ وَقُل رَّبِّ ارْحَمْهُمَا كَمَا رَبَّيَانِي صَغِيرًا* رَّبُّكُمْ أَعْلَمُ بِمَا فِي نُفُوسِكُمْ ۚ إِن تَكُونُوا صَالِحِينَ فَإِنَّهُ كَانَ لِلْأَوَّابِينَ غَفُورًا)"},
{"text": "قال تعالى:(وَاعْبُدُوا اللَّهَ وَلَا تُشْرِكُوا بِهِ شَيْئًا ۖ وَبِالْوَالِدَيْنِ إِحْسَانًا )"},
{"text": "قال تعالى:(وَوَصَّيْنَا الْإِنسَانَ بِوَالِدَيْهِ حَمَلَتْهُ أُمُّهُ وَهْنًا عَلَىٰ وَهْنٍ وَفِصَالُهُ فِي عَامَيْنِ أَنِ اشْكُرْ لِي وَلِوَالِدَيْكَ إِلَيَّ الْمَصِيرُ)"},
{"text": "قال تعالى:(وَوَصَّيْنَا الْإِنسَانَ بِوَالِدَيْهِ إِحْسَانًا ۖ حَمَلَتْهُ أُمُّهُ كُرْهًا وَوَضَعَتْهُ كُرْهًا ۖ وَحَمْلُهُ وَفِصَالُهُ ثَلَاثُونَ شَهْرًا ۚ حَتَّىٰ إِذَا بَلَغَ أَشُدَّهُ وَبَلَغَ أَرْبَعِينَ سَنَةً قَالَ رَبِّ أَوْزِعْنِي أَنْ أَشْكُرَ نِعْمَتَكَ الَّتِي أَنْعَمْتَ عَلَيَّ وَعَلَىٰ وَالِدَيَّ وَأَنْ أَعْمَلَ صَالِحًا تَرْضَاهُ وَأَصْلِحْ لِي فِي ذُرِّيَّتِي)"},
{"text": "قال رسول الله صلى الله عليه وسلم:(إنَّ في الجَنَّةِ لَسُوقًا، يَأْتُونَها كُلَّ جُمُعَةٍ، فَتَهُبُّ رِيحُ الشَّمالِ فَتَحْثُو في وُجُوهِهِمْ وثِيابِهِمْ، فَيَزْدادُونَ حُسْنًا وجَمالًا، فَيَرْجِعُونَ إلى أهْلِيهِمْ وقَدِ ازْدادُوا حُسْنًا وجَمالًا، فيَقولُ لهمْ أهْلُوهُمْ: واللَّهِ لَقَدِ ازْدَدْتُمْ بَعْدَنا حُسْنًا وجَمالًا، فيَقولونَ: وأَنْتُمْ، واللَّهِ لَقَدِ ازْدَدْتُمْ بَعْدَنا حُسْنًا وجَمالًا)"},
{"text": "قال رسول الله صلى الله عليه وسلم:(إذا دخل أهلُ الجنةِ الجنةَ، وأهلُ النارِ النارَ، نادى منادٍ: يا أهلَ الجنةِ إنَّ لكم عندَ اللهِ موعدًا يُريدُ أنْ يُنْجِزُكُموه، فيقولونَ: وما هو؟ ألمْ يُثَقِّلِ اللهُ موازينَنا، ويُبَيِّضْ وجوهَنا، ويُدخلْنا الجنةَ، ويُنجِّنا من النارِ؟ فيُكشفُ الحجابُ، فينظرونَ إليه فواللهِ ما أعطاهم اللهُ شيئًا أحبَّ إليهم من النظرِ إليه ولا أقرَّ لأعينِهم)"},
{"text": "قال رسول الله صلّى الله عليه وسلّم:(فِي الجَنَّةِ ثَمَانِيَةُ أبْوَابٍ، فِيهَا بَابٌ يُسَمَّى الرَّيَّانَ، لا يَدْخُلُهُ إلَّا الصَّائِمُونَ)"},
{"text": "قال رسول الله صلى الله عليه وسلم:(مَنْ قال لا إلهَ إلَّا اللهُ وحدَهُ لَا شرِيكَ لَهُ، لَهُ الملْكُ، ولَهُ الحمْدُ، وهُوَ عَلَى كُلِّ شيءٍ قديرٌ، فِي يومٍ مائَةَ مرةٍ، كانتْ لَهُ عِدْلَ عشرِ رقابٍ، وكُتِبَتْ لَهُ مائَةُ حسنَةٍ، ومُحِيَتْ عنه مائَةُ سيِّئَةٍ، وكانَتْ لَهُ حِرْزًا منَ الشيطانِ يَوْمَهُ ذَلِكَ حتى يُمْسِيَ، ولم يأتِ أحدٌ بأفضلَ مِمَّا جاءَ بِهِ، إلَّا أحدٌ عَمِلَ عملًا أكثرَ مِنْ ذلِكَ)"},
{"text": "قال رسول الله -صلى الله عليه وسلم- في حديث السبعة الذين يظلهم الله في ظله في الآخرة:(ورَجُلٌ تَصَدَّقَ بصَدَقَةٍ فأخْفاها حتَّى لا تَعْلَمَ يَمِينُهُ ما تُنْفِقُ شِمالُهُ)"},
{"text": "قال رسول الله صلى الله عليه وسلم:(ما مِن يَومٍ يُصْبِحُ العِبادُ فِيهِ، إلَّا مَلَكانِ يَنْزِلانِ، فيَقولُ أحَدُهُما: اللَّهُمَّ أعْطِ مُنْفِقًا خَلَفًا، ويقولُ الآخَرُ: اللَّهُمَّ أعْطِ مُمْسِكًا تَلَفًا)"},
{"text": "قال رسول الله صلى الله عليه وسلم:(إنَّما الدُّنيا لأربعةِ نفرٍ عبدٍ رزقَهُ اللَّهُ مالًا وعلمًا فَهوَ يتَّقي ربَّهُ فيهِ ويصلُ فيهِ رحمَهُ ويعلمُ للَّهِ فيهِ حقًّا فَهذا بأفضلِ المنازلِ)"},
{"text": "قال رسول الله صلى الله عليه وسلم:(إنْ أردتَ أنْ يَلينَ قلبُكَ، فأطعِمْ المسكينَ، وامسحْ رأسَ اليتيمِ)"},
{"text": "قال رسول الله صلى الله عليه وسلم:(ثَلاثٌ إذا خَرَجْنَ لا يَنْفَعُ نَفْسًا إيمانُها لَمْ تَكُنْ آمَنَتْ مِن قَبْلُ، أوْ كَسَبَتْ في إيمانِها خَيْرًا: طُلُوعُ الشَّمْسِ مِن مَغْرِبِها، والدَّجَّالُ، ودابَّةُ الأرْضِ)"},
{"text": "قال رسول الله صلى الله عليه وسلم:(وَالَّذِي نَفْسِي بيَدِهِ، لَيُوشِكَنَّ أَنْ يَنْزِلَ فِيكُمُ ابنُ مَرْيَمَ حَكَمًا عَدْلًا، فَيَكْسِرَ الصَّلِيبَ، وَيَقْتُلَ الخِنْزِيرَ، وَيَضَعَ الجِزْيَةَ، وَيَفِيضَ المَالُ حتَّى لا يَقْبَلَهُ أَحَدٌ، حتَّى تَكُونَ السَّجْدَةُ الوَاحِدَةُ خَيْرًا مِنَ الدُّنْيَا وَما فِيهَا، ثُمَّ يقولُ أَبُو هُرَيْرَةَ: وَاقْرَؤُوا إنْ شِئْتُمْ: (وَإنْ مِن أَهْلِ الكِتَابِ إِلَّا لَيُؤْمِنَنَّ به قَبْلَ مَوْتِهِ، وَيَومَ القِيَامَةِ يَكونُ عليهم شَهِيدًا))"},
{"text": "قال رسول الله صلى الله عليه وسلم:(لا تَقومُ السَّاعةُ حتى تَطلُعَ الشَّمسُ مِن مَغرِبِها، فيُؤمِنَ النَّاسُ أجمعون، فيَومَئذٍ لا يَنفَعُ نَفْسًا إيمانُها لم تَكنْ آمنَتْ مِن قَبْلُ، أو كسَبَتْ في إيمانِها خَيرًا)"},
{"text": "قال رسول الله صلى الله عليه وسلم:(مَن كانتْ نيتُه طلبَ الآخِرَةِ؛ جعل الله غِناه في قلبِه، وجَمَع له شملَه، وأتَتْه الدنيا وهي راغِمةٌ، ومَنْ كانت نيتُه طَلَبَ الدنيا؛ جعل اللهُ الفقرَ بين عينيه، وشَتَّتَ عليه أمرَه، ولا يأتِيه مِنها إلا ما كُتِبَ له)"},
{"text": "(المُسْلِمُ مَن سَلِمَ المُسْلِمُونَ مِن لِسَانِهِ ويَدِهِ، والمُهَاجِرُ مَن هَجَرَ ما نَهَى اللَّهُ عنْه)"},
{"text": "(تَرَى المُؤْمِنِينَ في تَراحُمِهِمْ وتَوادِّهِمْ وتَعاطُفِهِمْ، كَمَثَلِ الجَسَدِ، إذا اشْتَكَى عُضْوًا تَداعَى له سائِرُ جَسَدِهِ بالسَّهَرِ والحُمَّى)"},
{"text": "(المُسْلِمُ أخُو المُسْلِمِ لا يَظْلِمُهُ ولَا يُسْلِمُهُ، ومَن كانَ في حَاجَةِ أخِيهِ كانَ اللَّهُ في حَاجَتِهِ، ومَن فَرَّجَ عن مُسْلِمٍ كُرْبَةً، فَرَّجَ اللَّهُ عنْه كُرْبَةً مِن كُرُبَاتِ يَومِ القِيَامَةِ، ومَن سَتَرَ مُسْلِمًا سَتَرَهُ اللَّهُ يَومَ القِيَامَةِ)"},
{"text": "قال رسول الله صلى الله عليه وسلم:(إذا أكلَ أحدكُم طعاما فليقُل بسمِ اللهِ فإن نَسِي في أوّلهِ فليقل بسم اللهِ في أوّلِه وآخرهِ)"},
{"text": "عن طلحة بن معاوية السلمي قال أتيتُ النبيَّ صلَّى اللهُ عليهِ وسلَّمَ ، فقلتُ: يا رسولَ اللهِ إني أريدُ الجهادَ في سبيلِ اللهِ تعالى، فقال:(أُمُّكَ حَيَّةٌ؟)"},
{"text": "عن طلحة بن معاوية السلمي قال أتيتُ النبيَّ صلَّى اللهُ عليهِ وسلَّمَ ، فقلتُ: يا رسولَ اللهِ إني أريدُ الجهادَ في سبيلِ اللهِ تعالى، فقال:(الزم رجلها فثمَّ الجنَّة)"},
{"text": "قال رسول الله صلَّى اللهُ عليهِ وسلَّمَ:(إنَّ اللهَ يُوصيكم بأمَّهاتِكم، ثمَّ يُوصيكم بآبائِكم، ثمَّ بالأقربِ فالأقربِ)."},
{"text": "قال رسول الله صلى الله عليه وسلم:(سَيِّدُ الِاسْتِغْفارِ أنْ تَقُولَ: اللَّهُمَّ أنْتَ رَبِّي لا إلَهَ إلَّا أنْتَ، خَلَقْتَنِي وأنا عَبْدُكَ، وأنا علَى عَهْدِكَ ووَعْدِكَ ما اسْتَطَعْتُ، أعُوذُ بكَ مِن شَرِّ ما صَنَعْتُ، أبُوءُ لكَ بنِعْمَتِكَ عَلَيَّ، وأَبُوءُ لكَ بذَنْبِي فاغْفِرْ لِي، فإنَّه لا يَغْفِرُ الذُّنُوبَ إلَّا أنْتَ)"},
{"text": "قال رسول الله صلى الله عليه وسلم:(المُسْلِمُ مَن سَلِمَ المُسْلِمُونَ مِن لِسانِهِ ويَدِهِ، والمُهاجِرُ مَن هَجَرَ ما نَهَى اللَّهُ عنْه)"},
{"text": "قال رسول الله صلى الله عليه وسلم:(الْمُؤْمِنُ القَوِيُّ، خَيْرٌ وَأَحَبُّ إلى اللهِ مِنَ المُؤْمِنِ الضَّعِيفِ، وفي كُلٍّ خَيْرٌ احْرِصْ علَى ما يَنْفَعُكَ، وَاسْتَعِنْ باللَّهِ وَلَا تَعْجَزْ، وإنْ أَصَابَكَ شيءٌ، فلا تَقُلْ لو أَنِّي فَعَلْتُ كانَ كَذَا وَكَذَا، وَلَكِنْ قُلْ قَدَرُ اللهِ وَما شَاءَ فَعَلَ، فإنَّ لو تَفْتَحُ عَمَلَ الشَّيْطَانِ)"},
{"text": "عَنِ النبيِّ صَلَّى اللَّهُ عليه وسلَّمَ، فِيما رَوَى عَنِ اللهِ تَبَارَكَ وَتَعَالَى أنَّهُ قالَ:(يا عِبَادِي إنِّي حَرَّمْتُ الظُّلْمَ علَى نَفْسِي، وَجَعَلْتُهُ بيْنَكُمْ مُحَرَّمًا، فلا تَظَالَمُوا)"},
{"text": "قَالَ رَسُولُ اللَّهِ صَلَّى اللَّه عَلَيْهِ وَسَلَّمَ:(الظُّلْمُ ظُلُمَاتٌ يَومَ القِيَامَةِ)"},
{"text": "قَالَ رَسُولُ اللَّهِ صَلَّى اللَّه عَلَيْهِ وَسَلَّمَ:(اسْتَعيذُوا باللهِ منَ الفقرِ والعَيْلَةِ، ومِنْ أنْ تَظْلِمُوا أو تُظْلَمُوا)"},
{"text": "قال رسول الله صلّى الله عليه وسلّم:(مَن جاءَ مَسجِدي هذا لم يَأتِهِ إلَّا لِخيرٍ يتعلَّمُهُ أو يعلِّمُهُ فَهوَ بمنزلةِ المجاهِدِ في سبيلِ اللَّهِ ومن جاءَ لغيرِ ذلِكَ فَهوَ بمنزلةِ الرَّجُلِ ينظرُ إلى متاعِ غيرِهِ)"},
{"text": "قال رسول الله صلّى الله عليه وسلّم:(لا حسَدَ إلَّا في اثنتيْنِ: رجلٌ آتاهُ اللهُ مالًا، فسلَّطَهُ على هلَكتِه في الحقِّ، ورجلٌ آتاهُ اللهُ الحِكمةَ، فهوَ يقضِي بِها، ويُعلِّمُها)"},
{"text": "قال رسول الله صلى الله عليه وسلم:(الرَّجلُ في ظلِّ صدقتِه حتَّى يُقضَى بين النَّاسِ)"},
{"text": "قال رسول الله صلى الله عليه وسلم:(والصدقة تطفيء الخطيئة، كما يطفئ الماء النار)"},
{"text": "قال(ما نقصت صدقة من مال)"},
{"text": "قال رسول الله صلى الله عليه وسلم:(دَاوُوا مَرضاكُمْ بِالصَّدقةِ)"},
{"text": "رُوي عن أبي هريرة -رضي الله عنه- أنه قال:(خَرَجَ رَسولُ اللَّهِ صَلَّى اللهُ عليه وسلَّمَ مِنَ الدُّنْيَا ولَمْ يَشْبَعْ مِن خُبْزِ الشَّعِيرِ)"},
{"text": "رُوي عن أنس بن مالك -رضي الله عنه- أنه قال:(لَمْ يَأْكُلِ النبيُّ صَلَّى اللهُ عليه وسلَّمَ علَى خِوَانٍ حتَّى مَاتَ، وما أكَلَ خُبْزًا مُرَقَّقًا حتَّى مَاتَ)"},
{"text": "(يا معشرَ من آمنَ بلسانِه ولم يدخلْ الإيمانُ قلبَه، لا تغتابوا المسلمين، ولا تتَّبعوا عوراتِهم، فإنه من اتَّبعَ عوراتِهم يتَّبعُ اللهُ عورتَه، ومن يتَّبعِ اللهُ عورتَه يفضحُه في بيتِه)"},
{"text": "(رَحِمَ اللَّهُ رَجُلًا سَمْحًا إذا باعَ، وإذا اشْتَرَى، وإذا اقْتَضَى)"},
{"text": "(كان رجُلٌ تاجرٌ يُدايِنُ النَّاسَ فإذا رأى إعسارَ المُعسِرِ قال لفتاه: تجاوَزْ لعلَّ اللهَ يتجاوَزُ عنَّا، قال رسولُ اللهِ -صلَّى اللهُ عليه وسلَّم: فلقي اللهَ فتجاوَز عنه)"},
{"text": "رُوي عن عمر بن أبي سلمة -رضي الله عنه- أنه قال:(كُنْتُ غُلَامًا في حَجْرِ رَسولِ اللَّهِ صَلَّى اللهُ عليه وسلَّمَ، وكَانَتْ يَدِي تَطِيشُ في الصَّحْفَةِ، فَقالَ لي رَسولُ اللَّهِ صَلَّى اللهُ عليه وسلَّمَ: يا غُلَامُ، سَمِّ اللَّهَ، وكُلْ بيَمِينِكَ، وكُلْ ممَّا يَلِيكَ)"},
{"text": "قال رسول الله صلى الله عليه وسلم:(إِذَا دَخَلَ الرَّجُلُ بَيْتَهُ، فَذَكَرَ اللَّهَ عِنْدَ دُخُولِهِ وَعِنْدَ طَعَامِهِ، قالَ الشَّيْطَانُ: لا مَبِيتَ لَكُمْ، وَلَا عَشَاءَ، وإذَا دَخَلَ، فَلَمْ يَذْكُرِ اللَّهَ عِنْدَ دُخُولِهِ، قالَ الشَّيْطَانُ: أَدْرَكْتُمُ المَبِيتَ، وإذَا لَمْ يَذْكُرِ اللَّهَ عِنْدَ طَعَامِهِ، قالَ: أَدْرَكْتُمُ المَبِيتَ وَالْعَشَاءَ)"},
{"text": "قال رسول الله صلى الله عليه وسلم:(إذا أكَلَ أحدُكم فلْيَأكُلْ بيَمينِه، وإذا شَرِبَ فلْيَشرَبْ بيَمينِه، فإنَّ الشَّيْطانَ يَأكُلُ بشِمالِه، ويَشرَبُ بشِمالِه)"},
{"text": "عن أسماء بنت أبي بكر قالت: (قَدِمَتْ عَلَيَّ أُمِّي وَهي مُشْرِكَةٌ في عَهْدِ قُرَيْشٍ إذْ عَاهَدَهُمْ فَاسْتَفْتَيْتُ رَسولَ اللهِ صَلَّى اللَّهُ عليه وسلَّمَ، فَقُلتُ: يا رَسولَ اللهِ، قَدِمَتْ عَلَيَّ أُمِّي وَهي رَاغِبَةٌ، أَفَأَصِلُ أُمِّي؟ قالَ:(نَعَمْ، صِلِي أُمَّكِ)"},
{"text": "قال بريدة بن الحصيب الأسلمي، أتت النَّبيَّ صلَّى اللهُ عليه وسلَّم امرأةٌ فقالت : (يا رسولَ اللهِ إنِّي كنتُ تصدَّقتُ على أمِّي بصدقةٍ فماتت ورجعت الصَّدقةُ إليَّ، قال: فقال رسولُ اللهِ صلَّى اللهُ عليه وسلَّم:وجب أجرُك ورجعت إليك صدقتُك"},
{"text": "قال بريدة بن الحصيب الأسلمي، أتت النَّبيَّ صلَّى اللهُ عليه وسلَّم امرأةٌ فقالت : (يا رسولَ اللهِ إنِّي كنتُ تصدَّقتُ على أمِّي بصدقةٍ فماتت ورجعت الصَّدقةُ إليَّ، قال: فقال رسولُ اللهِ صلَّى اللهُ عليه وسلَّم:نعم حُجِّي عنها"},
{"text": "قال بريدة بن الحصيب الأسلمي، أتت النَّبيَّ صلَّى اللهُ عليه وسلَّم امرأةٌ فقالت : (يا رسولَ اللهِ إنِّي كنتُ تصدَّقتُ على أمِّي بصدقةٍ فماتت ورجعت الصَّدقةُ إليَّ، قال: فقال رسولُ اللهِ صلَّى اللهُ عليه وسلَّم:نعم فصُومي عنها"},
{"text": "عن أبي هريرة رضي الله عنه قال قال رسول الله صلى الله عليه وسلم:(غيِّروا الشَّيبَ ولا تشَبَّهوا باليهودِ والنَّصارى)"},
{"text": "قال رسول الله صلى الله عليه وسلم:(مَثَلُ المُؤْمِنِ الذي يَقْرَأُ القُرْآنَ، مَثَلُ الأُتْرُجَّةِ، رِيحُها طَيِّبٌ وطَعْمُها طَيِّبٌ، ومَثَلُ المُؤْمِنِ الذي لا يَقْرَأُ القُرْآنَ مَثَلُ التَّمْرَةِ، لا رِيحَ لها وطَعْمُها حُلْوٌ)"},
{"text": "قال رسول الله صلى الله عليه وسلم:(كُلُّ أُمَّتي يَدْخُلُونَ الجَنَّةَ إِلَّا مَن أَبَى، قالوا: يا رَسُولَ اللَّهِ، وَمَن يَأْبَى؟ قالَ: مَن أَطَاعَنِي دَخَلَ الجَنَّةَ، وَمَن عَصَانِي فقَدْ أَبَى)"},
{"text": "قال رسول الله صلى الله عليه وسلم:(لا حَسَدَ إلَّا في اثْنَتَيْنِ: رَجُلٌ عَلَّمَهُ اللَّهُ القُرْآنَ، فَهو يَتْلُوهُ آناءَ اللَّيْلِ، وآناءَ النَّهارِ، فَسَمِعَهُ جارٌ له، فقالَ: لَيْتَنِي أُوتِيتُ مِثْلَ ما أُوتِيَ فُلانٌ، فَعَمِلْتُ مِثْلَ ما يَعْمَلُ)"},
{"text": "قال رسول الله صلى الله عليه وسلم:(ما مِن يَومٍ يُصْبِحُ العِبادُ فِيهِ، إلَّا مَلَكانِ يَنْزِلانِ، فيَقولُ أحَدُهُما: اللَّهُمَّ أعْطِ مُنْفِقًا خَلَفًا، ويقولُ الآخَرُ: اللَّهُمَّ أعْطِ مُمْسِكًا تَلَفًا)"},
{"text": "قال رسول الله صلّى الله عليه وسلّم:(نضَّرَ اللَّهُ امرأً سمِعَ منَّا حديثًا فحفِظَهُ حتَّى يبلِّغَهُ غيرَهُ فرُبَّ حاملِ فقهٍ ليسَ بفَقيهٍ ورُبَّ حاملِ فقهٍ إلى من هوَ أفقَهُ منهُ)"},
{"text": "(إِذَا مَاتَ الإنْسَانُ انْقَطَعَ عنْه عَمَلُهُ إِلَّا مِن ثَلَاثَةٍ: إِلَّا مِن صَدَقَةٍ جَارِيَةٍ، أَوْ عِلْمٍ يُنْتَفَعُ بِهِ، أَوْ وَلَدٍ صَالِحٍ يَدْعُو له)"},
{"text": "قال رسول الله صلّى الله عليه وسلّم:(فضلُ العلْمِ أحبُّ إِلَيَّ مِنْ فضلِ العبادَةِ، وخيرُ دينِكُمُ الورَعُ)"},
{"text": "قال رسول الله صلّى الله عليه وسلم:(سلُوا اللهَ علمًا نافعًا، وتَعَوَّذُوا باللهِ منْ علمٍ لا ينفعُ)"},
{"text": "رُوي عن عبد الله بن عمرو -رضي الله عنه- أنه قال:(لَمْ يَكُنِ النبيُّ صَلَّى اللهُ عليه وسلَّمَ فَاحِشًا ولَا مُتَفَحِّشًا، وكانَ يقولُ: إنَّ مِن خِيَارِكُمْ أحْسَنَكُمْ أخْلَاقًا)"},
{"text": "قال رسول الله صلى الله عليه وسلم:(ما مِن شيءٍ أثقلُ في الميزانِ من حُسنِ الخُلُقِ)"},
{"text": "قال رسول الله صلى الله عليه وسلم:(إنَّ مِن أحبِّكم إليَّ وأقربِكُم منِّي مجلسًا يومَ القيامةِ أحاسنَكُم أخلاقًا)"},
{"text": "قال رسول الله صلى الله عليه وسلم:(إنَّ المؤمنَ ليُدْرِكُ بحُسْنِ خُلُقِه درجةَ الصَّائمِ القائمِ)"},
{"text": "رُوي عن النعمان بن بشير -رضي الله عنه- أنه قال:(لقد رأيتُ نبيَّكم صلَّى اللَّهُ عليْهِ وسلَّمَ وما يجدُ منَ الدَّقلِ ما يملأُ بِهِ بطنَهُ)"},
{"text": "قال رسول الله صلى الله عليه وسلم:(الذَّهَبُ والفِضَّةُ، والحَرِيرُ والدِّيبَاجُ، هي لهمْ في الدُّنْيَا، ولَكُمْ في الآخِرَةِ)"},
{"text": "رُوي عن سعد بن أبي وقاص -رضي الله عنه- أنه قال:(وَاللَّهِ إنِّي لأَوَّلُ رَجُلٍ مِنَ العَرَبِ، رَمَى بسَهْمٍ في سَبيلِ اللهِ، وَلقَدْ كُنَّا نَغْزُو مع رَسولِ اللهِ صَلَّى اللَّهُ عليه وَسَلَّمَ، ما لَنَا طَعَامٌ نَأْكُلُهُ إلَّا وَرَقُ الحُبْلَةِ وَهذا السَّمُرُ، حتَّى إنَّ أَحَدَنَا لَيَضَعُ كما تَضَعُ الشَّاةُ)"},
{"text": "أنَّ رسولَ اللَّهِ صلَّى اللَّهُ عليْهِ وسلَّمَ كانَ يدعو في صلاتِهِ، ويقول :(اللَّهمَّ إنِّي أعوذُ بِكَ من عذابِ القبرِ وأعوذُ بِكَ من فتنةِ المسيحِ الدَّجَّالِ وأعوذُ بِكَ من فتنةِ المَحيا والمماتِ اللَّهمَّ إنِّي أعوذُ بِكَ منَ المأثَمِ والمغرَمِ فقالَ لَهُ قائلٌ ما أَكثرَ ما تستعيذُ منَ المغرَمِ فقالَ إنَّ الرَّجلَ إذا غرِمَ حدَّثَ فَكذبَ ووعدَ فأخلفَ)"},
{"text": "(أنَّ رَسولَ اللَّهِ -صَلَّى اللهُ عليه وسلَّمَ- كانَ يُصَلِّي وهو حَامِلٌ أُمَامَةَ بنْتَ زَيْنَبَ بنْتِ رَسولِ اللَّهِ صَلَّى اللهُ عليه وسلَّمَ، ولِأَبِي العَاصِ بنِ رَبِيعَةَ بنِ عبدِ شَمْسٍ، فَإِذَا سَجَدَ وضَعَهَا، وإذَا قَامَ حَمَلَهَا)"},
{"text": "(مُرُوا أولادَكم بالصلاةِ وهم أبناءُ سبعِ سِنِينَ، واضرِبوهم عليها وهم أبناءُ عشرِ سِنِينَ، وفَرِّقُوا بينهم في المضاجعِ)"},
{"text": "(ليس منا من لم يرحمْ صغيرَنا، ويُوَقِّرْ كبيرَنا)"},
{"text": "(مَن عالَ جارِيَتَيْنِ حتَّى تَبْلُغا، جاءَ يَومَ القِيامَةِ أنا وهو وضَمَّ أصابِعَهُ)"},
{"text": "(ألا واستَوْصُوا بالنِّساءِ خَيرًا؛ فإنَّهُنَّ عَوَانٍ عندَكُم، ليس تَمْلِكون مِنهُنَّ شيئًا غيرَ ذلكَ، إلَّا أنْ يأتِينَ بفاحشةٍ مُبَيِّنةٍ، فإنْ فَعَلْنَ فاهجُروهُنَّ في المَضاجعِ، واضرِبوهُنَّ ضربًا غيرَ مُبَرِّحٍ، فإنْ أَطَعْنَكُم فلا تَبْغوا عليهِنَّ سبيلًا. ألَا إنَّ لكُم على نسائِكُم حقًّا، ولهُنَّ عليكُم حقًّا؛ فأمَّا حقُّكُم على نسائِكُم فلا يُوطِئْنَ فُرُشَكُم مَن تَكرَهون، ولا يَأْذَنَّ في بُيوتِكُم لمَن تَكرَهون، ألَا وإنَّ حقَّهُنَّ عليكُم أنْ تُحْسِنوا إليهِنَّ في كِسْوَتِهِنَّ وطَعامِهِنَّ)"},
{"text": "قال رسول الله صلى الله عليه وسلم:(إذا أكلَ أحدُكُم طعامًا، فلا يأكُلْ مِن أعلى الصَّحفَةِ، ولكنْ لِيأكلَ مِن أسفلِها، فإنَّ البرَكةَ تنزلُ مِن أعلاها)"},
{"text": "قال(البَرَكَةُ تَنزِلُ وسَطَ الطعامِ، فكُلوا من حافَّتيهِ، ولا تأكُلوا من وَسَطِهِ)"},
{"text": "قال رسول الله صلى الله عليه وسلم:(إذا ما وقعت لُقمةُ أحدِكُم فليُمِط عنها الأذى وليأكُلها، ولا يدَعْها للشَّيطانِ)"},
{"text": "رُوي عن أبي سعيد الخدري -رضي الله عنه- أنه قال:(أنَّ النَّبيَّ صلَّى اللَّهُ عليهِ وسلَّمَ، كانَ إذا فرغَ من طعامِهِ قالَ الحمدُ للَّهِ الَّذي أطعمَنا وسقانا وجعلَنا مسلِمينَ)"},
{"text": "عن  سعد بن عبادة رضي الله عنه قال:(ماتت أمي وعليها نذرٌ، فسألتُ النبيَّ صلَّى اللهُ عليْهِ وسلَّمَ؟ فأمرني أن أقضيَه عنها)"},
{"text": "قال رسول الله صلَّى اللهُ عليهِ وسلَّمَ:(أيُّ العمَلِ أحبُّ إلى اللَّهِ تَعالى؟ الصَّلاةُ علَى وقتِها، وبرُّ الوالدينِ، والجِهادُ في سبيلِ اللَّهِ عزَّ وجلَّ)"},
{"text": "قال رسول الله صلَّى اللهُ عليهِ وسلَّمَ:(رضا الرَّبِّ في رضا الوالدِ وسخطُ الرَّبِّ في سخطِ الوالدِ)"},
{"text": "قال رسول الله صلَّى اللهُ عليهِ وسلَّمَ:( الوالدُ أوسطُ أبوابِ الجنَّةِ فحافِظْ على ذلك إنْ شِئْتَ أو دَعْ)"},
{"text": "عن أبي هريرة رضي الله عنه قال قال رسول الله صلى الله عليه وسلم:(الوَلَدُ لِلْفِرَاشِ، وَلِلْعَاهِرِ الحَجَرُ"},
{"text": "عن أبي هريرة رضي الله عنه قال قال رسول الله صلى الله عليه وسلم:(أوتيتُ جوامعَ الكلمِ ، وجُعِلَت ليَ الأرضُ مسجدًا وطَهورًا"},
{"text": "عن أبي هريرة رضي الله عنه قال قال رسول الله صلى الله عليه وسلم:(كلُّ صلاةٍ لا يُقْرَأُ فيها بأمِّ الكتابِ فهيَ خِداجٌ"},
{"text": "عن أبي هريرة رضي الله عنه قال قال رسول الله صلى الله عليه وسلم:(لولا أن أَشقَّ على أمَّتي لأمرتُهُم بالسِّواكِ معَ كلِّ وضوءٍ"},
{"text": "رُوي عن أبي هريرة -رضي الله عنه- أنه قال:(أنَّ النبيَّ صَلَّى اللهُ عليه وسلَّمَ قالَ لِبِلَالٍ: عِنْدَ صَلَاةِ الفَجْرِ يا بلَالُ حَدِّثْنِي بأَرْجَى عَمَلٍ عَمِلْتَهُ في الإسْلَامِ، فإنِّي سَمِعْتُ دَفَّ نَعْلَيْكَ بيْنَ يَدَيَّ في الجَنَّةِ قالَ: ما عَمِلْتُ عَمَلًا أَرْجَى عِندِي: أَنِّي لَمْ أَتَطَهَّرْ طَهُورًا، في سَاعَةِ لَيْلٍ أَوْ نَهَارٍ، إلَّا صَلَّيْتُ بذلكَ الطُّهُورِ ما كُتِبَ لي أَنْ أُصَلِّيَ)"},
{"text": "قال رسول الله صلى الله عليه وسلم:(قالَ اللَّهُ تَبارَكَ وتَعالَى: أنا أغْنَى الشُّرَكاءِ عَنِ الشِّرْكِ، مَن عَمِلَ عَمَلًا أشْرَكَ فيه مَعِي غيرِي، تَرَكْتُهُ وشِرْكَهُ)"},
{"text": "رُوي عن(أنَّ النبيَّ صَلَّى اللهُ عليه وسلَّمَ كانَ لا يَدَعُ أرْبَعًا قَبْلَ الظُّهْرِ، ورَكْعَتَيْنِ قَبْلَ الغَدَاةِ)"},
{"text": "قال رسول الله صلى الله عليه وسلم:(مَن قامَ لَيْلَةَ القَدْرِ إيمانًا واحْتِسابًا غُفِرَ له ما تَقَدَّمَ مِن ذَنْبِهِ)"},
{"text": "قال رسول الله صلى الله عليه وسلم:(خَيْرُكُمْ مَن تَعَلَّمَ القُرْآنَ وعَلَّمَهُ)"},
{"text": "قال رسول الله صلّى الله عليه وسلّم:(طلبُ العلمِ فريضةٌ على كلِّ مسلمٍ)"},
{"text": "قال رسول الله صلى الله عليه وسلم:(إنَّ أكملَ أو من أكملِ المؤمنين إيمانًا أحسنُهم خُلقًا)"},
{"text": "قال رسول الله صلى الله عليه وسلم:(أحَبُّ عبادِ اللهِ إلى اللهِ أحسَنُهُمْ خُلُقًا)"},
{"text": "سُئل رسول الله -صلى الله عليه وسلم- عن أكثر شيء يُدخل الناس(تَقْوَى اللهِ وحُسْنُ الخُلُقِ)"},
{"text": "قال رسول الله صلى الله عليه وسلم:(إنَّما بُعِثْتُ لأُتممَ صالحَ الأخلاقِ)"},
{"text": "قال رسول الله صلى الله عليه وسلم :(إنَّ أحَدَكُمْ إذَا مَاتَ عُرِضَ عليه مَقْعَدُهُ بالغَدَاةِ والعَشِيِّ، إنْ كانَ مِن أهْلِ الجَنَّةِ فَمِنْ أهْلِ الجَنَّةِ، وإنْ كانَ مِن أهْلِ النَّارِ فَمِنْ أهْلِ النَّارِ، فيُقَالُ: هذا مَقْعَدُكَ حتَّى يَبْعَثَكَ اللَّهُ يَومَ القِيَامَةِ)"},
{"text": "مرَّ رسول الله صلى الله عليه وسلم على قبرين، فقال:(أما إنَّهُما لَيُعَذَّبانِ وما يُعَذَّبانِ في كَبِيرٍ، أمَّا أحَدُهُما فَكانَ يَمْشِي بالنَّمِيمَةِ، وأَمَّا الآخَرُ فَكانَ لا يَسْتَتِرُ مِن بَوْلِهِ، قالَ فَدَعا بعَسِيبٍ رَطْبٍ فَشَقَّهُ باثْنَيْنِ ثُمَّ غَرَسَ علَى هذا واحِدًا وعلَى هذا واحِدًا، ثُمَّ قالَ: لَعَلَّهُ أنْ يُخَفَّفُ عنْهما ما لَمْ يَيْبَسا. وفي رواية: وكانَ الآخَرُ لا يَسْتَنْزِهُ عَنِ البَوْلِ، أوْ مِنَ البَوْلِ)"},
{"text": "قال رسول الله صلى الله عليه وسلم :(ولقَدْ أُوحِيَ إلَيَّ أنَّكُمْ تُفْتَنُونَ في القُبُورِ)"},
{"text": "(يا رسولَ اللَّهِ نساؤنا ما نأتي منْهنَّ وما نذرُ قالَ ائتِ حرثَكَ أنَّى شئتَ وأطعِمْها إذا طعِمتَ واكسُها إذا اكتسيتَ ولا تقبِّحِ الوجْهَ ولا تضرِبْ)"},
{"text": "رُوي عن أبي أمامة الباهلي -رضي الله عنه- أنه قال:(أنَّ النبيَّ صَلَّى اللهُ عليه وسلَّمَ كانَ إذَا رَفَعَ مَائِدَتَهُ قالَ: الحَمْدُ لِلَّهِ كَثِيرًا طَيِّبًا مُبَارَكًا فِيهِ، غيرَ مَكْفِيٍّ ولَا مُوَدَّعٍ ولَا مُسْتَغْنًى عنْه، رَبَّنَا)"},
{"text": "قال رسول الله صلى الله عليه وسلم:(إذا أكل أحدُكم طعامًا فلْيَقُلْ: اللهمَّ بارِكْ لنا فيه، وأَطعِمْنا خيرًا منه)"},
{"text": "ومن آداب الطعام حمد الله في آخره، قال رسول الله صلى الله عليه وسلم:(الحَمْدُ لِلَّهِ الذي أَطْعَمَنَا وَسَقَانَا، وَكَفَانَا وَآوَانَا، فَكَمْ مِمَّنْ لا كَافِيَ له وَلَا مُؤْوِيَ)"},
{"text": "رُوي عن أنس بن مالك -رضي الله عنه- أنه قال:(أنَّ النَّبيَّ صلَّى اللهُ عليه وسلَّم كان يتنفَّسُ في الإناءِ ثلاثًا إذا شرِب، ويقولُ: هو أمرَأُ وأروَى)"},
{"text": "قال رسول الله صلَّى اللهُ عليهِ وسلَّمَ:(اثنانِ يُعجِّلُهما اللهُ في الدنيا : البغيُ ، و عقوقُ الوالدَينِ)."},
{"text": "قال رسول الله صلَّى اللهُ عليهِ وسلَّمَ:(لا يدخُلُ الجنَّةَ عاقٌّ ولا منَّانٌ ولا مُدمِنُ خمرٍ)."},
{"text": "قال رسول الله صلَّى اللهُ عليهِ وسلَّمَ:(رَغِمَ أنْفُ، ثُمَّ رَغِمَ أنْفُ، ثُمَّ رَغِمَ أنْفُ، قيلَ: مَنْ؟ يا رَسولَ اللهِ، قالَ: مَن أدْرَكَ أبَوَيْهِ عِنْدَ الكِبَرِ، أحَدَهُما، أوْ كِلَيْهِما فَلَمْ يَدْخُلِ الجَنَّةَ)."},
{"text": "عن أبي هريرة رضي الله عنه قال قال رسول الله صلى الله عليه وسلم:(إذا رأيتُم الهلالَ فصوموا ، و إذا رأيتُموه فأفطروا ، فإن غُمَّ عليكم فاقدروا له"},
{"text": "عن أبي هريرة رضي الله عنه قال: قال رسولُ اللهِ صلَّى اللهُ عليه وسلَّم قال اللهُ تبارَك وتعالى:(مَن أظلَمُ ممَّن ذهَب يخلُقُ كخَلْقي فلْيخلُقوا حَبَّةً أو لِيخلُقوا ذَرَّةً"},
{"text": "عن أبي هريرة رضي الله عنه قال: قال رسولُ اللهِ صلَّى اللهُ عليه وسلَّم قال اللهُ تبارَك وتعالى:(يُؤْذِينِي ابنُ آدَمَ، يَسُبُّ الدَّهْرَ وأنا الدَّهْرُ، أُقَلِّبُ اللَّيْلَ والنَّهارَ"},
{"text": "قال رسول الله صلى الله عليه وسلم:(تَبْلُغُ الحِلْيَةُ مِنَ المُؤْمِنِ، حَيْثُ يَبْلُغُ الوَضُوءُ)"},
{"text": "قال رسول الله صلى الله عليه وسلم:(يَعْقِدُ الشَّيْطَانُ علَى قَافِيَةِ رَأْسِ أحَدِكُمْ إذَا هو نَامَ ثَلَاثَ عُقَدٍ، يَضْرِبُ كُلَّ عُقْدَةٍ مَكَانَهَا: عَلَيْكَ لَيْلٌ طَوِيلٌ فَارْقُدْ، فَإِنِ اسْتَيْقَظَ فَذَكَرَ اللَّهَ انْحَلَّتْ عُقْدَةٌ، فإنْ تَوَضَّأَ انْحَلَّتْ عُقْدَةٌ، فإنْ صَلَّى انْحَلَّتْ عُقَدُهُ كُلُّهَا، فأصْبَحَ نَشِيطًا طَيِّبَ النَّفْسِ، وإلَّا أصْبَحَ خَبِيثَ النَّفْسِ كَسْلَانَ)"},
{"text": "قال رسول الله صلى الله عليه وسلم:(الطُّهُورُ شَطْرُ الإيمانِ)"},
{"text": "قال رسول الله صلى الله عليه وسلم:(كَلِمَتانِ حَبِيبَتانِ إلى الرَّحْمَنِ، خَفِيفَتانِ علَى اللِّسانِ، ثَقِيلَتانِ في المِيزانِ: سُبْحانَ اللَّهِ وبِحَمْدِهِ، سُبْحانَ اللَّهِ العَظِيمِ)"},
{"text": "قال رسول الله صلى الله عليه وسلم:(مَن حَفِظَ عَشْرَ آياتٍ مِن أوَّلِ سُورَةِ الكَهْفِ عُصِمَ مِنَ الدَّجَّالِ)"},
{"text": "قال رسول الله صلى الله عليه وسلم:(لَعَنَ رَسولُ اللَّهِ صَلَّى اللهُ عليه وسلَّمَ المُتَشَبِّهِينَ مِنَ الرِّجَالِ بالنِّسَاءِ، والمُتَشَبِّهَاتِ مِنَ النِّسَاءِ بالرِّجَالِ)"},
{"text": "قال رسول الله صلى الله عليه وسلم:(لأَنْ أَقُولَ سُبْحَانَ اللهِ، وَالْحَمْدُ لِلَّهِ، وَلَا إِلَهَ إِلَّا اللَّهُ، وَاللَّهُ أَكْبَرُ، أَحَبُّ إِلَيَّ ممَّا طَلَعَتْ عليه الشَّمْسُ)"},
{"text": "قال رسول الله صلى الله عليه وسلم:(مَن تَرَكَ صَلَاةَ العَصْرِ حَبِطَ عَمَلُهُ)"},
{"text": "قال(إنِّي قدْ رَأَيْتُكُمْ تُفْتَنُونَ في القُبُورِ كَفِتْنَةِ الدَّجَّالِ)"},
{"text": "قال رسول الله صلى الله عليه وسلم:(من سقاه اللهُ عزَّ وجلَّ لبنًا فليقلْ: اللهمَّ بارِكْ لنا فيه وزِدْنا منه)"},
{"text": "رُوي عن أبي قتادة -رضي الله عنه- أنه قال:(صَبَّ رَسولُ اللهِ صَلَّى اللَّهُ عليه وسلَّمَ، فَقالَ لِي: اشْرَبْ، فَقُلتُ: لا أَشْرَبُ حتَّى تَشْرَبَ يا رَسولَ اللهِ، قالَ: إنَّ سَاقِيَ القَوْمِ آخِرُهُمْ شُرْبًا)"},
{"text": "رُوي عن(سَقَيْتُ النَّبيَّ صلَّى اللهُ عليه وسلَّم من زمزمَ، فشرِب وهو قائمٌ)"},
{"text": "قال رسول الله صلَّى اللهُ عليهِ وسلَّمَ:(ثلاثُ دَعَواتٍ مُستجاباتٌ لا شَكَّ فيهن: دعوةُ الوالِدِ، ودَعوةُ المسافرِ، ودعوةُ المظلومِ)."},
{"text": "قال(أَلَا أُنَبِّئُكُمْ بِأَكْبَرِ الكَبَائِرِ؟ ثَلَاثًا، قالوا: بَلَى يا رَسُولَ اللَّهِ، قالَ: الإشْرَاكُ باللَّهِ، وَعُقُوقُ الوَالِدَيْنِ - وَجَلَسَ وَكانَ مُتَّكِئًا فَقالَ - أَلَا وَقَوْلُ الزُّورِ، قالَ: فَما زَالَ يُكَرِّرُهَا حتَّى قُلْنَا: لَيْتَهُ سَكَتَ)."},
{"text": "عن أبي هريرة رضي الله عنه قال: قال رسولُ اللهِ صلَّى اللهُ عليه وسلَّم:(قالَ اللَّهُ عزَّ وجلَّ المتحابُّونَ في جلالي لَهُم مَنابرُ مِن نورٍ يغبطُهُمُ النَّبيُّونَ والشُّهداءُ"},
{"text": "عن أبي هريرة رضي الله عنه قال: قال رسولُ اللهِ صلَّى اللهُ عليه وسلَّم:(أَلَمْ تَرَوْا إلى ما قالَ رَبُّكُمْ؟ قالَ: ما أَنْعَمْتُ علَى عِبَادِي مِن نِعْمَةٍ إِلَّا أَصْبَحَ فَرِيقٌ منهمْ بِهَا كَافِرِينَ. يقولونَ الكَوَاكِبُ وَبِالْكَوَاكِبِ"},
{"text": "عن أبي هريرة رضي الله عنه قال: قال رسولُ اللهِ صلَّى اللهُ عليه وسلَّم:(قالَ اللَّهُ عزَّ وجلَّ: ومَن أظْلَمُ مِمَّنْ ذَهَبَ يَخْلُقُ كَخَلْقِي، فَلْيَخْلُقُوا ذَرَّةً أوْ لِيَخْلُقُوا حَبَّةً أوْ شَعِيرَةً"},
{"text": "رُوي عن أنس بن مالك -رضي الله عنه- أنه قال:(كانَ النبيُّ صَلَّى اللهُ عليه وسلَّمَ يَتَوَضَّأُ عِنْدَ كُلِّ صَلَاةٍ قُلتُ: كيفَ كُنْتُمْ تَصْنَعُونَ؟ قالَ: يُجْزِئُ أحَدَنَا الوُضُوءُ ما لَمْ يُحْدِثْ)"},
{"text": "قال(استَقيموا ولن تُحصوا، واعلَموا أنَّ خيرَ أعمالِكُمُ الصَّلاةَ، ولن يُحافظَ علَى الوضوءِ إلاَّ مؤمنٌ)"},
{"text": "قال رسول الله صلى الله عليه وسلم:(إنَّ أُمَّتي يَأْتُونَ يَومَ القِيَامَةِ غُرًّا مُحَجَّلِينَ مِن أَثَرِ الوُضُوءِ، فَمَنِ اسْتَطَاعَ مِنكُم أَنْ يُطِيلَ غُرَّتَهُ فَلْيَفْعَلْ)"},
{"text": "قال رسول الله صلى الله عليه وسلم:(ما مِن مُسْلِمٍ يَتَوَضَّأُ فيُحْسِنُ وُضُوءَهُ، ثُمَّ يَقُومُ فيُصَلِّي رَكْعَتَيْنِ، مُقْبِلٌ عليهما بقَلْبِهِ ووَجْهِهِ، إلَّا وجَبَتْ له الجَنَّةُ)"},
{"text": "قال رسول الله صلى الله عليه وسلم:(ما مِنكُم مِن أحَدٍ يَتَوَضَّأُ فيُبْلِغُ، أوْ فيُسْبِغُ، الوَضُوءَ ثُمَّ يقولُ: أشْهَدُ أنْ لا إلَهَ إلَّا اللَّهُ وأنَّ مُحَمَّدًا عبدُ اللهِ ورَسولُهُ؛ إلَّا فُتِحَتْ له أبْوابُ الجَنَّةِ الثَّمانِيَةُ يَدْخُلُ مِن أيِّها شاءَ)"},
{"text": "قال رسول الله صلى الله عليه وسلم:(لا تَجْعَلُوا بُيُوتَكُمْ مَقابِرَ، إنَّ الشَّيْطانَ يَنْفِرُ مِنَ البَيْتِ الذي تُقْرَأُ فيه سُورَةُ البَقَرَةِ)"},
{"text": "قال رسول الله صلى الله عليه وسلم:(رَغِمَ أنْفُهُ، ثُمَّ رَغِمَ أنْفُهُ، ثُمَّ رَغِمَ أنْفُهُ قيلَ: مَنْ؟ يا رَسولَ اللهِ، قالَ: مَن أدْرَكَ والِدَيْهِ عِنْدَ الكِبَرِ، أحَدَهُما، أوْ كِلَيْهِما، ثُمَّ لَمْ يَدْخُلِ الجَنَّةَ)"},
{"text": "سأل رجل رسول الله -صلى الله عليه وسلم- فقال:(يا رَسولَ اللَّهِ، مَن أحَقُّ النَّاسِ بحُسْنِ صَحَابَتِي؟ قالَ: أُمُّكَ قالَ: ثُمَّ مَنْ؟ قالَ: ثُمَّ أُمُّكَ قالَ: ثُمَّ مَنْ؟ قالَ: ثُمَّ أُمُّكَ قالَ: ثُمَّ مَنْ؟ قالَ: ثُمَّ أبُوكَ)"},
{"text": "رُوي عن عبد الله بن عمرو -رضي الله عنه- أنه قال:(رأيتُ رسولَ اللهِ صلَّى اللهُ عليهِ وسلَّم يشْرَبُ قائِمًا، وقاعِدًا)"},
{"text": "عن أبي هريرة رضي الله عنه قال: قال رسولُ اللهِ صلَّى اللهُ عليه وسلَّم:( قالَ اللَّهُ: أعْدَدْتُ لِعِبادِي الصَّالِحِينَ ما لا عَيْنٌ رَأَتْ، ولا أُذُنٌ سَمِعَتْ، ولا خَطَرَ علَى قَلْبِ بَشَرٍ"},
{"text": "عن أبي هريرة رضي الله عنه قال: قال رسولُ اللهِ صلَّى اللهُ عليه وسلَّم:(يقولُ اللَّهُ: إذا أرادَ عَبْدِي أنْ يَعْمَلَ سَيِّئَةً، فلا تَكْتُبُوها عليه حتَّى يَعْمَلَها، فإنْ عَمِلَها فاكْتُبُوها بمِثْلِها، وإنْ تَرَكَها مِن أجْلِي فاكْتُبُوها له حَسَنَةً، وإذا أرادَ أنْ يَعْمَلَ حَسَنَةً فَلَمْ يَعْمَلْها فاكْتُبُوها له حَسَنَةً، فإنْ عَمِلَها فاكْتُبُوها له بعَشْرِ أمْثالِها إلى سَبْعِ مِئَةِ ضِعْفٍ"},
{"text": "عن أبي هريرة رضي الله عنه قال قال رسول الله صلى الله عليه وسلم:(ليسَ الشَّدِيدُ بالصُّرَعَةِ، إنَّما الشَّدِيدُ الذي يَمْلِكُ نَفْسَهُ عِنْدَ الغَضَبِ"},
{"text": "عن أبي هريرة رضي الله عنه قال قال رسول الله صلى الله عليه وسلم:(ألَا أُنَبِّئُكم بخيرِكم قالوا بلى يا رسولَ اللهِ قال خيارُكم أطولُكم أعمارًا وأحسَنُكم أعمالًا وفي روايةٍ أحسَنُكم أخلاقًا بَدَلَ أعمالًا)"},
{"text": "قال رسول الله صلى الله عليه وسلم:(إِذَا تَوَضَّأَ العَبْدُ المُسْلِمُ، أَوِ المُؤْمِنُ، فَغَسَلَ وَجْهَهُ خَرَجَ مِن وَجْهِهِ كُلُّ خَطِيئَةٍ نَظَرَ إِلَيْهَا بعَيْنَيْهِ مع المَاءِ، أَوْ مع آخِرِ قَطْرِ المَاءِ، فَإِذَا غَسَلَ يَدَيْهِ خَرَجَ مِن يَدَيْهِ كُلُّ خَطِيئَةٍ كانَ بَطَشَتْهَا يَدَاهُ مع المَاءِ، أَوْ مع آخِرِ قَطْرِ المَاءِ، فَإِذَا غَسَلَ رِجْلَيْهِ خَرَجَتْ كُلُّ خَطِيئَةٍ مَشَتْهَا رِجْلَاهُ مع المَاءِ، أَوْ مع آخِرِ قَطْرِ المَاءِ، حتَّى يَخْرُجَ نَقِيًّا مِنَ الذُّنُوبِ)"},
{"text": "قال رسول الله صلى الله عليه وسلم:(أَلا أدُلُّكُمْ علَى ما يَمْحُو اللَّهُ به الخَطايا، ويَرْفَعُ به الدَّرَجاتِ؟ قالُوا بَلَى يا رَسولَ اللهِ، قالَ: إسْباغُ الوُضُوءِ علَى المَكارِهِ، وكَثْرَةُ الخُطا إلى المَساجِدِ، وانْتِظارُ الصَّلاةِ بَعْدَ الصَّلاةِ، فَذَلِكُمُ الرِّباطُ)"},
{"text": "قال رسول الله صلى الله عليه وسلم:(مَن تَوَضَّأَ هَكَذا غُفِرَ له ما تَقَدَّمَ مِن ذَنْبِهِ، وكانَتْ صَلاتُهُ ومَشْيُهُ إلى المَسْجِدِ نافِلَةً)"},
{"text": "قال رسول الله صلى الله عليه وسلم:(مَن تَوضَّأَ كما أُمِرَ، وصلَّى كما أُمِرَ، غُفِرَ لَهُ ما قدَّمَ مِن عملٍ)"},
{"text": "قال رسول الله صلى الله عليه وسلم:(مَن تَوَضَّأَ فأحْسَنَ الوُضُوءَ، ثُمَّ أتَى الجُمُعَةَ، فاسْتَمع وأَنْصَتَ، غُفِرَ له ما بيْنَهُ وبيْنَ الجُمُعَةِ، وزِيادَةُ ثَلاثَةِ أيَّامٍ)"},
{"text": "قال رسول الله صلى الله عليه وسلم:(أيَعجِزُ أحَدُكم أنْ يَكسِبَ كُلَّ يَومٍ ألْفَ حَسَنةٍ؟ فقال رَجُلٌ مِن جُلَسائِهِ: كيف يَكسِبُ أحَدُنا ألْفَ حَسَنةٍ؟ قال: يُسبِّحُ مِئةَ تَسبيحةٍ؛ تُكتَبُ له ألْفُ حَسَنةٍ، أو يُحَطُّ عنه ألْفُ خَطيئةٍ)"},
{"text": "عن أبي هريرة رضي الله عنه قال قال رسول الله صلى الله عليه وسلم:(ليسَ الغِنَى عن كَثْرَةِ العَرَضِ، ولَكِنَّ الغِنَى غِنَى النَّفْسِ"},
{"text": "عن أبي هريرة رضي الله عنه قال قال رسول الله صلى الله عليه وسلم:(لأَنْ يَغْدُوَ أحَدُكُمْ، فَيَحْطِبَ علَى ظَهْرِهِ، فَيَتَصَدَّقَ به ويَسْتَغْنِيَ به مِنَ النَّاسِ، خَيْرٌ له مِن أنْ يَسْأَلَ رَجُلًا، أعْطاهُ، أوْ مَنَعَهُ ذلكَ، فإنَّ اليَدَ العُلْيا أفْضَلُ مِنَ اليَدِ السُّفْلَى، وابْدَأْ بمَن تَعُولُ"},
{"text": "عن أبي هريرة رضي الله عنه قال قال رسول الله صلى الله عليه وسلم:(إيَّاكم والظنَّ؛ فإن الظنَّ أكذبُ الحديثِ"}
]